<?xml version="1.0" encoding="ISO-8859-1"?>
<!-- Copyright (c) 2014, The Linux Foundation. All rights reserved.         -->
<!--                                                                        -->
<!-- Redistribution and use in source and binary forms, with or without     -->
<!-- modification, are permitted provided that the following conditions are -->
<!-- met:                                                                   -->
<!--     * Redistributions of source code must retain the above copyright   -->
<!--       notice, this list of conditions and the following disclaimer.    -->
<!--     * Redistributions in binary form must reproduce the above          -->
<!--       copyright notice, this list of conditions and the following      -->
<!--       disclaimer in the documentation and/or other materials provided  -->
<!--       with the distribution.                                           -->
<!--     * Neither the name of The Linux Foundation nor the names of its    -->
<!--       contributors may be used to endorse or promote products derived  -->
<!--       from this software without specific prior written permission.    -->
<!--                                                                        -->
<!-- THIS SOFTWARE IS PROVIDED "AS IS" AND ANY EXPRESS OR IMPLIED           -->
<!-- WARRANTIES, INCLUDING, BUT NOT LIMITED TO, THE IMPLIED WARRANTIES OF   -->
<!-- MERCHANTABILITY, FITNESS FOR A PARTICULAR PURPOSE AND NON-INFRINGEMENT -->
<!-- ARE DISCLAIMED.  IN NO EVENT SHALL THE COPYRIGHT OWNER OR CONTRIBUTORS -->
<!-- BE LIABLE FOR ANY DIRECT, INDIRECT, INCIDENTAL, SPECIAL, EXEMPLARY, OR -->
<!-- CONSEQUENTIAL DAMAGES (INCLUDING, BUT NOT LIMITED TO, PROCUREMENT OF   -->
<!-- SUBSTITUTE GOODS OR SERVICES; LOSS OF USE, DATA, OR PROFITS; OR        -->
<!-- BUSINESS INTERRUPTION) HOWEVER CAUSED AND ON ANY THEORY OF LIABILITY,  -->
<!-- OR OTHERWISE) ARISING IN ANY WAY OUT OF THE USE OF THIS SOFTWARE, EVEN -->
<!-- IF ADVISED OF THE POSSIBILITY OF SUCH DAMAGE.                          -->
<audio_platform_info>
    <acdb_ids>
        <!-- Output devices -->
        <device name="SND_DEVICE_OUT_SPEAKER" acdb_id="15" />
        <device name="SND_DEVICE_OUT_SPEAKER_AND_HEADPHONES" acdb_id="15" />
        <device name="SND_DEVICE_OUT_SPEAKER_AND_HDMI" acdb_id="15" />
        <device name="SND_DEVICE_OUT_SPEAKER_AND_USB_HEADSET" acdb_id="15" />
        <device name="SND_DEVICE_OUT_VOICE_SPEAKER" acdb_id="15" />
        <device name="SND_DEVICE_OUT_BT_SCO" acdb_id="46" />
        <device name="SND_DEVICE_OUT_VOIP_HANDSET" acdb_id="7" />
        <device name="SND_DEVICE_OUT_VOIP_HEADPHONES" acdb_id="10" />
        <device name="SND_DEVICE_OUT_VOIP_SPEAKER" acdb_id="15" />
        <device name="SND_DEVICE_OUT_VOICE_TTY_HCO_HANDSET" acdb_id="17"/>

        <!-- Input devices -->
        <device name="SND_DEVICE_IN_SPEAKER_MIC" acdb_id="54" />
        <device name="SND_DEVICE_IN_SPEAKER_STEREO_DMIC" acdb_id="11" />
        <device name="SND_DEVICE_IN_VOICE_REC_MIC" acdb_id="53" />
        <device name="SND_DEVICE_IN_VOICE_REC_DMIC_STEREO" acdb_id="53" />
        <device name="SND_DEVICE_IN_CAMCORDER_MIC" acdb_id="56" />
        <device name="SND_DEVICE_IN_BT_SCO_MIC" acdb_id="47" />
        <device name="SND_DEVICE_IN_VOIP_HANDSET_MIC" acdb_id="57" />
        <device name="SND_DEVICE_IN_VOIP_SPEAKER_MIC" acdb_id="58" />
        <device name="SND_DEVICE_IN_VOIP_HEADSET_MIC" acdb_id="59" />
        <device name="SND_DEVICE_IN_VOICE_TTY_VCO_HANDSET_MIC" acdb_id="16" />
    </acdb_ids>

    <backend_names>
        <!-- empty -->
    </backend_names>

    <pcm_ids>
        <usecase name="USECASE_AUDIO_RECORD_LOW_LATENCY" type="in" id="14"/>
        <usecase name="USECASE_AUDIO_PLAYBACK_LOW_LATENCY" type="out" id="14"/>
    </pcm_ids>

    <device_names>
        <device name="SND_DEVICE_IN_VOICE_REC_DMIC_STEREO" alias="voice-rec-mic" />
        <device name="SND_DEVICE_IN_SPEAKER_STEREO_DMIC" alias="speaker-mic" />
    </device_names>
</audio_platform_info>
