<?xml version="1.0" encoding="ISO-8859-1"?>

<mixer>
    <!-- These are the initial mixer settings -->
    <!-- NOTE: For all the mixer controls added under usecases or sound devices -->
    <!--       we should have an initial mixer setting (default value) -->
    <ctl name="TTY Mode" value="OFF" />
    <ctl name="RDAC5 MUX" value="DEM3_INV" />
    <ctl name="SPK DAC Switch" value="0" />
    <ctl name="DAC1 Switch" value="0" />
    <ctl name="COMP1 Switch" value="0" />
    <ctl name="HPHL DAC Switch" value="0" />
    <ctl name="EAR PA Gain" value="POS_6_DB" />
    <ctl name="INTERNAL_BT_SCO_RX Audio Mixer MultiMedia1" value="0" />
    <ctl name="INTERNAL_BT_SCO_RX Audio Mixer MultiMedia5" value="0" />
    <ctl name="INTERNAL_BT_SCO_RX_Voice Mixer CSVoice" value="0" />
    <ctl name="INTERNAL_BT_SCO_RX_Voice Mixer Voip" value="0" />
    <ctl name="MultiMedia1 Mixer AFE_PCM_TX" value="0" />
    <ctl name="MultiMedia1 Mixer INTERNAL_BT_SCO_TX" value="0" />
    <ctl name="MultiMedia1 Mixer INTERNAL_FM_TX" value="0" />
    <ctl name="MultiMedia1 Mixer VOC_REC_UL" value="0" />
    <ctl name="MultiMedia1 Mixer VOC_REC_DL" value="0" />
    <ctl name="MultiMedia1 Mixer PRI_TX" value="0" />
    <ctl name="MultiMedia5 Mixer AFE_PCM_TX" value="0" />
    <ctl name="MultiMedia5 Mixer INTERNAL_BT_SCO_TX" value="0" />
    <ctl name="MultiMedia5 Mixer INTERNAL_FM_TX" value="0" />
    <ctl name="MultiMedia5 Mixer PRI_TX" value="0" />
    <ctl name="HDMI Mixer MultiMedia1" value="0" />
    <ctl name="HDMI Mixer MultiMedia2" value="0" />
    <ctl name="HDMI Mixer MultiMedia5" value="0" />
    <ctl name="HDMI_RX_Voice Mixer CSVoice" value="0" />
    <ctl name="PRI_I2S_RX Port Mixer INTERNAL_FM_TX" value="0" />
    <ctl name="PRI_I2S_RX_DL_HL Switch" value="0" />
    <ctl name="PRI_RX Audio Mixer MultiMedia1" value="0" />
    <ctl name="PRI_RX Audio Mixer MultiMedia5" value="0" />
    <ctl name="PRI_RX_Voice Mixer CSVoice" value="0" />
    <ctl name="PRI_RX_Voice Mixer Voip" value="0" />
    <ctl name="PRI_RX Channels" value="One" />
    <ctl name="PRI_TX Channels" value="One" />
    <ctl name="SLIM RX1 MUX" value="ZERO" />
    <ctl name="SLIM RX2 MUX" value="ZERO" />
    <ctl name="SLIM TX1 MUX" value="ZERO" />
    <ctl name="SLIM TX2 MUX" value="ZERO" />
    <ctl name="DEC1 MUX" value="ZERO" />
    <ctl name="DEC2 MUX" value="ZERO" />
    <ctl name="DEC4 MUX" value="ZERO" />
    <ctl name="RX1 MIX1 INP1" value="ZERO" />
    <ctl name="RX2 MIX1 INP1" value="ZERO" />
    <ctl name="RX3 MIX1 INP1" value="ZERO" />
    <ctl name="RX4 MIX1 INP1" value="ZERO" />
    <ctl name="RX1 MIX2 INP1" value="ZERO" />
    <ctl name="RX2 MIX2 INP1" value="ZERO" />
    <ctl name="Voice_Tx Mixer PRI_TX_Voice" value="0" />
    <ctl name="Voice_Tx Mixer INTERNAL_BT_SCO_TX_Voice" value="0" />
    <ctl name="Voip_Tx Mixer PRI_TX_Voip" value="0" />
    <ctl name="Voip_Tx Mixer INTERNAL_BT_SCO_TX_Voip" value="0" />
    <ctl name="AFE_PCM_RX Audio Mixer MultiMedia1" value="0" />
    <ctl name="AFE_PCM_RX Audio Mixer MultiMedia2" value="0" />
    <ctl name="AFE_PCM_RX Audio Mixer MultiMedia5" value="0" />
    <ctl name="AFE_PCM_RX Port Mixer INTERNAL_FM_TX" value="0" />
    <ctl name="AIF1_CAP Mixer SLIM TX1" value="0" />
    <ctl name="AIF1_CAP Mixer SLIM TX2" value="0" />
    <ctl name="TX1 HPF Switch" value="0" />
    <ctl name="TX2 HPF Switch" value="0" />
    <ctl name="TX1 HPF cut off" value="MIN_3DB_4Hz" />
    <ctl name="TX2 HPF cut off" value="MIN_3DB_4Hz" />
    <ctl name="Voip Mode Config" value="12" />
    <ctl name="Voip Rate Config" value="0" />
    <ctl name="Voip Evrc Min Max Rate Config" id="0" value="1" />
    <ctl name="Voip Evrc Min Max Rate Config" id="1" value="4" />
    <ctl name="Voip Dtx Mode" value="0" />

    <!-- echo reference -->
    <ctl name="EC_REF_RX" value="NONE" />
    <!-- echo reference end -->

    <!-- These are audio route (FE to BE) specific mixer settings -->
    <path name="deep-buffer-playback">
        <ctl name="PRI_RX Audio Mixer MultiMedia1" value="1" />
    </path>

    <path name="deep-buffer-playback hdmi">
        <ctl name="HDMI Mixer MultiMedia1" value="1" />
    </path>

    <path name="deep-buffer-playback speaker-and-hdmi">
        <path name="deep-buffer-playback hdmi" />
        <path name="deep-buffer-playback" />
    </path>

    <path name="deep-buffer-playback bt-sco">
        <ctl name="INTERNAL_BT_SCO_RX Audio Mixer MultiMedia1" value="1" />
    </path>

    <path name="deep-buffer-playback afe-proxy">
        <ctl name="AFE_PCM_RX Audio Mixer MultiMedia1" value="1" />
    </path>

    <path name="deep-buffer-playback usb-headphones">
        <path name="deep-buffer-playback afe-proxy" />
    </path>

    <path name="deep-buffer-playback speaker-and-usb-headphones">
        <path name="deep-buffer-playback usb-headphones" />
        <path name="deep-buffer-playback" />
    </path>

    <path name="low-latency-playback">
        <ctl name="PRI_RX Audio Mixer MultiMedia5" value="1" />
    </path>

    <path name="low-latency-playback hdmi">
        <ctl name="HDMI Mixer MultiMedia5" value="1" />
    </path>

    <path name="low-latency-playback speaker-and-hdmi">
        <path name="low-latency-playback hdmi" />
        <path name="low-latency-playback" />
    </path>

    <path name="low-latency-playback bt-sco">
        <ctl name="INTERNAL_BT_SCO_RX Audio Mixer MultiMedia5" value="1" />
    </path>

    <path name="low-latency-playback afe-proxy">
        <ctl name="AFE_PCM_RX Audio Mixer MultiMedia5" value="1" />
    </path>

    <path name="low-latency-playback usb-headphones">
        <path name="low-latency-playback afe-proxy" />
    </path>

    <path name="low-latency-playback speaker-and-usb-headphones">
        <path name="low-latency-playback usb-headphones" />
        <path name="low-latency-playback" />
    </path>

    <path name="multi-channel-playback hdmi">
        <ctl name="HDMI Mixer MultiMedia2" value="1" />
    </path>

    <path name="multi-channel-playback afe-proxy">
        <ctl name="AFE_PCM_RX Audio Mixer MultiMedia2" value="1" />
    </path>

    <path name="audio-record">
        <ctl name="MultiMedia1 Mixer PRI_TX" value="1" />
    </path>

    <path name="audio-record bt-sco">
        <ctl name="MultiMedia1 Mixer INTERNAL_BT_SCO_TX" value="1" />
    </path>

    <path name="audio-record usb-headset-mic">
        <ctl name="MultiMedia1 Mixer AFE_PCM_TX" value="1" />
    </path>

    <path name="audio-record capture-fm">
        <ctl name="MultiMedia1 Mixer INTERNAL_FM_TX" value="1" />
    </path>

    <path name="low-latency-record">
        <ctl name="MultiMedia5 Mixer PRI_TX" value="1" />
    </path>

    <path name="low-latency-record bt-sco">
        <ctl name="MultiMedia5 Mixer INTERNAL_BT_SCO_TX" value="1" />
    </path>

    <path name="low-latency-record usb-headset-mic">
        <ctl name="MultiMedia5 Mixer AFE_PCM_TX" value="1" />
    </path>

    <path name="low-latency-record capture-fm">
        <ctl name="MultiMedia5 Mixer INTERNAL_FM_TX" value="1" />
    </path>

    <path name="afe-proxy-playback afe-proxy">
    </path>

    <path name="afe-proxy-record afe-proxy">
    </path>

    <path name="voice-call">
        <ctl name="PRI_RX_Voice Mixer CSVoice" value="1" />
        <ctl name="Voice_Tx Mixer PRI_TX_Voice" value="1" />
    </path>

    <path name="voice-call hdmi">
        <ctl name="HDMI_RX_Voice Mixer CSVoice" value="1" />
        <ctl name="Voice_Tx Mixer PRI_TX_Voice" value="1" />
    </path>

    <path name="voice-call bt-sco">
        <ctl name="INTERNAL_BT_SCO_RX_Voice Mixer CSVoice" value="1" />
        <ctl name="Voice_Tx Mixer INTERNAL_BT_SCO_TX_Voice" value="1" />
    </path>

    <path name="voice-call afe-proxy">
        <ctl name="AFE_PCM_RX_Voice Mixer CSVoice" value="1" />
        <ctl name="Voice_Tx Mixer AFE_PCM_TX_Voice" value="1" />
    </path>

    <path name="voice-call usb-headphones">
        <path name="voice-call afe-proxy" />
    </path>

    <path name="compress-voip-call">
        <ctl name="PRI_RX_Voice Mixer Voip" value="1" />
        <ctl name="Voip_Tx Mixer PRI_TX_Voip" value="1" />
    </path>

    <path name="compress-voip-call bt-sco">
        <ctl name="INTERNAL_BT_SCO_RX_Voice Mixer Voip" value="1" />
        <ctl name="Voip_Tx Mixer INTERNAL_BT_SCO_TX_Voip" value="1" />
    </path>

    <path name="compress-voip-call usb-headphones">
        <ctl name="AFE_PCM_RX_Voice Mixer Voip" value="1" />
        <ctl name="Voip_Tx Mixer AFE_PCM_TX_Voip" value="1" />
    </path>

    <path name="incall-rec-uplink">
        <ctl name="MultiMedia1 Mixer VOC_REC_UL" value="1" />
    </path>

    <path name="incall-rec-uplink bt-sco">
        <path name="incall-rec-uplink" />
    </path>

    <path name="incall-rec-uplink usb-headset-mic">
        <path name="incall-rec-uplink" />
    </path>

    <path name="incall-rec-uplink afe-proxy">
        <path name="incall-rec-uplink" />
    </path>

    <path name="incall-rec-downlink">
        <ctl name="MultiMedia1 Mixer VOC_REC_DL" value="1" />
    </path>

    <path name="incall-rec-downlink bt-sco">
        <path name="incall-rec-downlink" />
    </path>

    <path name="incall-rec-downlink usb-headset-mic">
        <path name="incall-rec-downlink" />
    </path>

    <path name="incall-rec-downlink afe-proxy">
        <path name="incall-rec-downlink" />
    </path>

    <path name="incall-rec-uplink-and-downlink">
        <path name="incall-rec-uplink" />
        <path name="incall-rec-downlink" />
    </path>

    <path name="incall-rec-uplink-and-downlink bt-sco">
        <path name="incall-rec-uplink-and-downlink" />
    </path>

    <path name="incall-rec-uplink-and-downlink usb-headset-mic">
        <path name="incall-rec-uplink-and-downlink" />
    </path>

    <path name="incall-rec-uplink-and-downlink afe-proxy">
        <path name="incall-rec-uplink-and-downlink" />
    </path>

    <!-- These are actual sound device specific mixer settings -->
    <path name="adc1">
        <ctl name="PRI_TX Channels" value="One" />
        <ctl name="AIF1_CAP Mixer SLIM TX1" value="1" />
        <ctl name="SLIM TX1 MUX" value="DEC4" />
        <ctl name="DEC4 MUX" value="ADC1" />
    </path>

    <path name="adc2">
        <ctl name="PRI_TX Channels" value="One" />
        <ctl name="AIF1_CAP Mixer SLIM TX1" value="1" />
        <ctl name="SLIM TX1 MUX" value="DEC4" />
        <ctl name="DEC4 MUX" value="ADC2" />
    </path>

    <path name="adc3">
        <ctl name="PRI_TX Channels" value="One" />
        <ctl name="AIF1_CAP Mixer SLIM TX1" value="1" />
        <ctl name="SLIM TX1 MUX" value="DEC4" />
        <ctl name="DEC4 MUX" value="ADC3" />
    </path>

    <path name="spk">
        <ctl name="PRI_RX Channels" value="Two" />
        <ctl name="RX3 MIX1 INP1" value="RX1" />
        <ctl name="RX4 MIX1 INP1" value="RX2" />
        <ctl name="SLIM RX1 MUX" value="AIF1_PB" />
        <ctl name="SLIM RX2 MUX" value="AIF1_PB" />
        <ctl name="RDAC5 MUX" value="DEM4" />
    </path>

    <path name="speaker">
        <path name="spk" />
        <ctl name="RX3 Digital Volume" value="84" /> 
        <ctl name="RX4 Digital Volume" value="84" />
        <ctl name="SPK DRV Volume" value="7" />
    </path>

    <path name="speaker-mic">
        <path name="adc3" />
        <ctl name="ADC3 Volume" value="16" />
        <ctl name="DEC4 Volume" value="96" />
    </path>

    <path name="handset">
        <ctl name="PRI_RX Channels" value="One" />
        <ctl name="RX1 MIX1 INP1" value="RX1" />
        <ctl name="SLIM RX1 MUX" value="AIF1_PB" />
        <ctl name="DAC1 Switch" value="1" />
        <ctl name="EAR PA Gain" value="POS_3_DB" />
        <ctl name="RX1 Digital Volume" value="78" />
    </path>

    <path name="handset-mic">
        <path name="adc3" />
        <ctl name="ADC3 Volume" value="16" />
        <ctl name="DEC4 Volume" value="84" />
    </path>

    <path name="headphones">
        <ctl name="PRI_RX Channels" value="Two" />
        <ctl name="SLIM RX1 MUX" value="AIF1_PB" />
        <ctl name="SLIM RX2 MUX" value="AIF1_PB" />
        <ctl name="RX1 MIX1 INP1" value="RX1" />
        <ctl name="RX2 MIX1 INP1" value="RX2" />
        <ctl name="HPHL DAC Switch" value="1" />
        <ctl name="HPHL Volume" value="20" />
        <ctl name="HPHR Volume" value="20" />
        <ctl name="RX1 Digital Volume" value="78" />
        <ctl name="RX2 Digital Volume" value="78" />
        <ctl name="COMP1 Switch" value="1" />
    </path>

    <path name="headset-mic">
        <path name="adc2" />
        <ctl name="ADC2 Volume" value="15" />
        <ctl name="DEC4 Volume" value="84" />
    </path>

    <path name="voice-handset">
        <ctl name="PRI_RX Channels" value="One" />
        <ctl name="RX1 MIX1 INP1" value="RX1" />
        <ctl name="SLIM RX1 MUX" value="AIF1_PB" />
        <ctl name="DAC1 Switch" value="1" />
        <ctl name="EAR PA Gain" value="POS_3_DB" />
        <ctl name="RX1 Digital Volume" value="78" />
    </path>

    <path name="voice-speaker">
        <path name="spk" />
        <ctl name="RX4 Digital Volume" value="84" />
        <ctl name="SPK DRV Volume" value="8" />
    </path>

    <path name="voice-speaker-mic">
        <path name="adc3" />
        <ctl name="ADC3 Volume" value="12" />
        <ctl name="DEC4 Volume" value="84" />
    </path>

    <path name="voice-headphones">
        <ctl name="PRI_RX Channels" value="Two" />
        <ctl name="SLIM RX1 MUX" value="AIF1_PB" />
        <ctl name="SLIM RX2 MUX" value="AIF1_PB" />
        <ctl name="RX1 MIX1 INP1" value="RX1" />
        <ctl name="RX2 MIX1 INP1" value="RX2" />
        <ctl name="HPHL DAC Switch" value="1" />
        <ctl name="HPHL Volume" value="15" />
        <ctl name="HPHR Volume" value="15" />
        <ctl name="RX1 Digital Volume" value="84" />
        <ctl name="RX2 Digital Volume" value="84" />
    </path>

    <path name="voice-headset-mic">
        <path name="headset-mic" />
    </path>

    <path name="speaker-and-headphones">
        <ctl name="PRI_RX Channels" value="Two" />
        <ctl name="RX4 MIX1 INP1" value="RX1" />
        <ctl name="RX4 Digital Volume" value="80" />
        <ctl name="SLIM RX1 MUX" value="AIF1_PB" />
        <ctl name="SLIM RX2 MUX" value="AIF1_PB" />
        <ctl name="RX1 MIX1 INP1" value="RX1" />
        <ctl name="RX2 MIX1 INP1" value="RX2" />
        <ctl name="HPHL DAC Switch" value="1" />
        <ctl name="SPK DAC Switch" value="1" />
        <ctl name="HPHL Volume" value="5" />
        <ctl name="HPHR Volume" value="5" />
        <ctl name="RX1 Digital Volume" value="66" />
        <ctl name="RX2 Digital Volume" value="66" />
    </path>

    <path name="voip-handset-comm">
        <ctl name="PRI_RX Channels" value="One" />
        <ctl name="RX1 MIX1 INP1" value="RX1" />
        <ctl name="SLIM RX1 MUX" value="AIF1_PB" />
        <ctl name="DAC1 Switch" value="1" />
        <ctl name="EAR PA Gain" value="POS_6_DB" />
        <ctl name="RX1 Digital Volume" value="78" />
    </path>

    <path name="voip-speaker-comm">
        <path name="spk" />
        <ctl name="RX4 Digital Volume" value="84" />
        <ctl name="SPK DRV Volume" value="8" />
    </path>

    <path name="voip-headset-comm">
        <ctl name="PRI_RX Channels" value="Two" />
        <ctl name="SLIM RX1 MUX" value="AIF1_PB" />
        <ctl name="SLIM RX2 MUX" value="AIF1_PB" />
        <ctl name="RX1 MIX1 INP1" value="RX1" />
        <ctl name="RX2 MIX1 INP1" value="RX2" />
        <ctl name="HPHL DAC Switch" value="1" />
        <ctl name="HPHL Volume" value="10" />
        <ctl name="HPHR Volume" value="10" />
        <ctl name="RX1 Digital Volume" value="84" />
        <ctl name="RX2 Digital Volume" value="84" />
    </path>

    <path name="voip-main-mic-comm">
        <path name="adc3" />
        <ctl name="ADC3 Volume" value="16" />
        <ctl name="DEC4 Volume" value="84" />
    </path>

    <path name="voip-sub-mic-comm">
        <path name="adc3" />
        <ctl name="ADC3 Volume" value="12" />
        <ctl name="DEC4 Volume" value="84" />
    </path>

    <path name="voip-headset-mic-comm">
        <path name="adc2" />
        <ctl name="ADC2 Volume" value="12" />
        <ctl name="DEC4 Volume" value="84" />
    </path>

    <path name="hdmi">
    </path>

    <path name="speaker-and-hdmi">
        <path name="speaker" />
        <path name="hdmi" />
    </path>

    <path name="usb-headphones">
    </path>

    <path name="speaker-and-usb-headphones">
        <path name="speaker" />
        <path name="usb-headphones" />
    </path>

    <path name="afe-proxy">
    </path>

    <path name="capture-fm">
    </path>

    <path name="voice-rec-mic">
        <path name="adc3" />
        <ctl name="ADC3 Volume" value="15" />
        <ctl name="DEC4 Volume" value="84" />
    </path>

    <path name="camcorder-mic">
        <ctl name="PRI_TX Channels" value="Two" />
        <ctl name="AIF1_CAP Mixer SLIM TX1" value="1" />
        <ctl name="AIF1_CAP Mixer SLIM TX2" value="1" />
        <ctl name="SLIM TX1 MUX" value="DEC2" />
        <ctl name="SLIM TX2 MUX" value="DEC1" />
        <ctl name="DEC1 MUX" value="ADC1" />
        <ctl name="DEC2 MUX" value="ADC3" />
        <ctl name="ADC1 Volume" value="13" />
        <ctl name="ADC3 Volume" value="15" />
        <ctl name="DEC1 Volume" value="96" />
        <ctl name="DEC2 Volume" value="96" />
    </path>

    <path name="hdmi-mic">
        <ctl name="PRI_TX Channels" value="One" />
    </path>

    <path name="bt-sco-headset">
    </path>

    <path name="bt-sco-mic">
    </path>

    <path name="usb-headset-mic">
    </path>

    <!-- TTY devices -->
    <path name="tty-headphones">
        <ctl name="PRI_RX Channels" value="One" />
        <ctl name="SLIM RX1 MUX" value="AIF1_PB" />
        <ctl name="SLIM RX2 MUX" value="AIF1_PB" />
        <ctl name="RX1 MIX1 INP1" value="RX1" />
        <ctl name="RX2 MIX1 INP1" value="RX2" />
        <ctl name="HPHL DAC Switch" value="1" />
        <ctl name="HPHL Volume" value="20" />
        <ctl name="HPHR Volume" value="20" />
        <ctl name="RX1 Digital Volume" value="84" />
        <ctl name="RX2 Digital Volume" value="84" />
    </path>

    <path name="voice-tty-full-headphones">
        <ctl name="TTY Mode" value="FULL" />
        <path name="tty-headphones" />
    </path>

    <path name="voice-tty-vco-headphones">
        <ctl name="TTY Mode" value="VCO" />
        <path name="tty-headphones" />
    </path>

    <path name="voice-tty-hco-handset">
        <ctl name="TTY Mode" value="HCO" />
        <path name="handset" />
    </path>

    <path name="voice-tty-full-headset-mic">
        <path name="adc2" />
    </path>

    <path name="voice-tty-hco-headset-mic">
        <path name="voice-tty-full-headset-mic" />
    </path>

    <path name="voice-tty-vco-handset-mic">
        <path name="adc1" />
    </path>

    <path name="play-fm">
        <ctl name="Internal FM RX Volume" value="1" />
        <ctl name="PRI_I2S_RX Port Mixer INTERNAL_FM_TX" value="1" />
        <ctl name="PRI_I2S_RX_DL_HL Switch" value="1" />
    </path>

    <path name="play-fm usb-headphones">
        <ctl name="Internal FM RX Volume" value="1" />
        <ctl name="AFE_PCM_RX Port Mixer INTERNAL_FM_TX" value="1" />
        <ctl name="PRI_I2S_RX_DL_HL Switch" value="1" />
    </path>

    <path name="voice-rx">
    </path>

    <path name="voice-tx">
    </path>

    <path name="echo-reference">
        <ctl name="EC_REF_RX" value="I2S_RX" />
    </path>
</mixer>
